STUDENT,SUBJECT,RIGOUR
Aiden Tan,English Language,Standard
Aiden Tan,Mathematics,Standard
Aiden Tan,Science,Standard
Aiden Tan,Mother Tongue (Chinese),Higher
Aiden Tan,Humanities,Standard
Aiden Tan,Art,Standard
Bella Lim,English Language,Standard
Bella Lim,Mathematics,Higher
Bella Lim,Science,Standard
Bella Lim,Mother Tongue (Chinese),Standard
Bella Lim,Humanities,Standard
Bella Lim,Music,Standard
Caleb Ng,English Language,Standard
Caleb Ng,Mathematics,Standard
Caleb Ng,Science,Higher
Caleb Ng,Mother Tongue (Malay),Standard
Caleb Ng,Humanities,Standard
Caleb Ng,Art,Standard
Diya Sharma,English Language,Higher
Diya Sharma,Mathematics,Standard
Diya Sharma,Science,Standard
Diya Sharma,Mother Tongue (Tamil),Standard
Diya Sharma,Humanities,Standard
Diya Sharma,Music,Standard
Ethan Koh,English Language,Standard
Ethan Koh,Mathematics,Standard
Ethan Koh,Science,Standard
Ethan Koh,Mother Tongue (Chinese),Standard
Ethan Koh,Humanities,Standard
Ethan Koh,Art,Standard
Fatimah Bte Yusof,English Language,Foundational
Fatimah Bte Yusof,Mathematics,Foundational
Fatimah Bte Yusof,Science,Standard
Fatimah Bte Yusof,Mother Tongue (Malay),Standard
Fatimah Bte Yusof,Humanities,Standard
Fatimah Bte Yusof,Music,Standard
Grace Lee,English Language,Standard
Grace Lee,Mathematics,Higher
Grace Lee,Science,Higher
Grace Lee,Mother Tongue (Chinese),Standard
Grace Lee,Humanities,Standard
Grace Lee,Art,Standard
Hao Ming Chen,English Language,Standard
Hao Ming Chen,Mathematics,Standard
Hao Ming Chen,Science,Standard
Hao Ming Chen,Mother Tongue (Chinese),Higher
Hao Ming Chen,Humanities,Standard
Hao Ming Chen,Music,Standard
Isla Wong,English Language,Standard
Isla Wong,Mathematics,Standard
Isla Wong,Science,Standard
Isla Wong,Mother Tongue (Chinese),Standard
Isla Wong,Humanities,Standard
Isla Wong,Art,Standard
Jun Wei Ong,English Language,Standard
Jun Wei Ong,Mathematics,Higher
Jun Wei Ong,Science,Standard
Jun Wei Ong,Mother Tongue (Chinese),Standard
Jun Wei Ong,Humanities,Standard
Jun Wei Ong,Music,Standard
Kayla Teo,English Language,Higher
Kayla Teo,Mathematics,Standard
Kayla Teo,Science,Standard
Kayla Teo,Mother Tongue (Chinese),Higher
Kayla Teo,Humanities,Standard
Kayla Teo,Art,Standard
Liam Goh,English Language,Standard
Liam Goh,Mathematics,Standard
Liam Goh,Science,Foundational
Liam Goh,Mother Tongue (Chinese),Standard
Liam Goh,Humanities,Standard
Liam Goh,Art,Standard
Maya Patel,English Language,Foundational
Maya Patel,Mathematics,Foundational
Maya Patel,Science,Foundational
Maya Patel,Mother Tongue (Tamil),Standard
Maya Patel,Humanities,Standard
Maya Patel,Music,Standard
Noah Sim,English Language,Standard
Noah Sim,Mathematics,Standard
Noah Sim,Science,Standard
Noah Sim,Mother Tongue (Chinese),Standard
Noah Sim,Humanities,Standard
Noah Sim,Art,Standard
Olivia Chua,English Language,Standard
Olivia Chua,Mathematics,Standard
Olivia Chua,Science,Standard
Olivia Chua,Mother Tongue (Chinese),Standard
Olivia Chua,Humanities,Standard
Olivia Chua,Music,Standard
Pranav Kumar,English Language,Foundational
Pranav Kumar,Mathematics,Standard
Pranav Kumar,Science,Foundational
Pranav Kumar,Mother Tongue (Tamil),Standard
Pranav Kumar,Humanities,Standard
Pranav Kumar,Art,Standard
Qian Hui Zheng,English Language,Higher
Qian Hui Zheng,Mathematics,Higher
Qian Hui Zheng,Science,Higher
Qian Hui Zheng,Mother Tongue (Chinese),Higher
Qian Hui Zheng,Humanities,Standard
Qian Hui Zheng,Art,Standard
Ryan Tay,English Language,Standard
Ryan Tay,Mathematics,Standard
Ryan Tay,Science,Standard
Ryan Tay,Mother Tongue (Chinese),Standard
Ryan Tay,Humanities,Standard
Ryan Tay,Music,Standard
Sarah Yeo,English Language,Higher
Sarah Yeo,Mathematics,Standard
Sarah Yeo,Science,Higher
Sarah Yeo,Mother Tongue (Chinese),Standard
Sarah Yeo,Humanities,Standard
Sarah Yeo,Art,Standard
Timothy Loh,English Language,Foundational
Timothy Loh,Mathematics,Foundational
Timothy Loh,Science,Foundational
Timothy Loh,Mother Tongue (Chinese),Standard
Timothy Loh,Humanities,Standard
Timothy Loh,Music,Standard
Uma Devi,English Language,Standard
Uma Devi,Mathematics,Standard
Uma Devi,Science,Standard
Uma Devi,Mother Tongue (Tamil),Higher
Uma Devi,Humanities,Standard
Uma Devi,Art,Standard
Victor Ang,English Language,Standard
Victor Ang,Mathematics,Higher
Victor Ang,Science,Standard
Victor Ang,Mother Tongue (Chinese),Standard
Victor Ang,Humanities,Standard
Victor Ang,Music,Standard
Wei Lin Tan,English Language,Standard
Wei Lin Tan,Mathematics,Standard
Wei Lin Tan,Science,Standard
Wei Lin Tan,Mother Tongue (Chinese),Standard
Wei Lin Tan,Humanities,Standard
Wei Lin Tan,Art,Standard
Xavier Chong,English Language,Foundational
Xavier Chong,Mathematics,Foundational
Xavier Chong,Science,Standard
Xavier Chong,Mother Tongue (Chinese),Standard
Xavier Chong,Humanities,Standard
Xavier Chong,Art,Standard
Yasmin Bte Rahman,English Language,Standard
Yasmin Bte Rahman,Mathematics,Standard
Yasmin Bte Rahman,Science,Standard
Yasmin Bte Rahman,Mother Tongue (Malay),Higher
Yasmin Bte Rahman,Humanities,Standard
Yasmin Bte Rahman,Art,Standard
Zachary Foo,English Language,Standard
Zachary Foo,Mathematics,Standard
Zachary Foo,Science,Standard
Zachary Foo,Mother Tongue (Chinese),Standard
Zachary Foo,Humanities,Standard
Zachary Foo,Music,Standard
Aisyah Bte Ismail,English Language,Foundational
Aisyah Bte Ismail,Mathematics,Foundational
Aisyah Bte Ismail,Science,Foundational
Aisyah Bte Ismail,Mother Tongue (Malay),Standard
Aisyah Bte Ismail,Humanities,Standard
Aisyah Bte Ismail,Music,Standard
Benjamin Seah,English Language,Standard
Benjamin Seah,Mathematics,Higher
Benjamin Seah,Science,Standard
Benjamin Seah,Mother Tongue (Chinese),Standard
Benjamin Seah,Humanities,Standard
Benjamin Seah,Art,Standard
Charlotte Wee,English Language,Standard
Charlotte Wee,Mathematics,Standard
Charlotte Wee,Science,Standard
Charlotte Wee,Mother Tongue (Chinese),Standard
Charlotte Wee,Humanities,Standard
Charlotte Wee,Music,Standard
Daniel Ho,English Language,Higher
Daniel Ho,Mathematics,Standard
Daniel Ho,Science,Higher
Daniel Ho,Mother Tongue (Chinese),Standard
Daniel Ho,Humanities,Standard
Daniel Ho,Art,Standard
Elise Tan,English Language,Standard
Elise Tan,Mathematics,Standard
Elise Tan,Science,Standard
Elise Tan,Mother Tongue (Chinese),Standard
Elise Tan,Humanities,Standard
Elise Tan,Music,Standard
Farhan Bin Ali,English Language,Foundational
Farhan Bin Ali,Mathematics,Foundational
Farhan Bin Ali,Science,Foundational
Farhan Bin Ali,Mother Tongue (Malay),Standard
Farhan Bin Ali,Humanities,Standard
Farhan Bin Ali,Art,Standard
