SUBJECT,RIGOUR,TEACHER
English Language,Higher,GWENDOLYN CABRERA
English Language,Standard,GWENDOLYN CABRERA
English Language,Foundational,SASHA CONNER
Mathematics,Higher,NEAL MULLEN
Mathematics,Standard,BRAIN BRANDT
Mathematics,Foundational,BRAIN BRANDT
Science,Higher,LEIF GUERRERO
Science,Standard,LEIF GUERRERO
Science,Foundational,JEFFEREY OLSON
Mother Tongue (Chinese),Higher,SASHA CONNER
Mother Tongue (Chinese),Standard,SASHA CONNER
Mother Tongue (Malay),Higher,JEFFEREY OLSON
Mother Tongue (Malay),Standard,JEFFEREY OLSON
Mother Tongue (Tamil),Higher,NEAL MULLEN
Mother Tongue (Tamil),Standard,NEAL MULLEN
Humanities,Standard,GWENDOLYN CABRERA
Art,Standard,BRAIN BRANDT
Music,Standard,LEIF GUERRERO
